,0
0,AAPL  180420C00180000
1,AAPL  180420C00165000
2,AAPL  180420C00180000
3,AAPL  180420C00185000
4,AAPL  180316C00175000
5,AAPL  190118C00100000
6,AAPL  190118C00105000
7,AAPL  190118C00110000
8,AAPL  190118C00115000
9,AAPL  190118C00120000
10,AAPL  190118C00125000
11,AAPL  190118C00130000
12,AAPL  190118C00135000
13,AAPL  190118C00140000
14,AAPL  190118C00145000
15,AAPL  190118C00150000
16,AAPL  190118C00080000
17,AAPL  190118C00085000
18,AAPL  190118C00090000
19,AAPL  190118C00095000
20,AAPL  190118C00097500
21,AAPL  190118P00100000
22,AAPL  190118P00105000
23,AAPL  190118P00110000
24,AAPL  190118P00115000
25,AAPL  190118P00120000
26,AAPL  190118P00125000
27,AAPL  190118P00130000
28,AAPL  190118P00135000
29,AAPL  190118P00140000
30,AAPL  190118P00145000
31,AAPL  190118P00150000
32,AAPL  190118P00080000
33,AAPL  190118P00085000
34,AAPL  190118P00090000
35,AAPL  190118P00095000
36,AAPL  190118P00097500
37,AAPL  190118C00155000
38,AAPL  190118C00042500
39,AAPL  190118C00047500
40,AAPL  190118C00055000
41,AAPL  190118C00060000
42,AAPL  190118C00065000
43,AAPL  190118C00070000
44,AAPL  190118C00075000
45,AAPL  190118P00155000
46,AAPL  190118P00042500
47,AAPL  190118P00047500
48,AAPL  190118P00055000
49,AAPL  190118P00060000
50,AAPL  190118P00065000
51,AAPL  190118P00070000
52,AAPL  190118P00075000
53,AAPL  190118C00160000
54,AAPL  190118P00160000
55,AAPL  190118C00165000
56,AAPL  190118P00165000
57,AAPL  190118C00170000
58,AAPL  190118P00170000
59,AAPL  190118C00175000
60,AAPL  190118P00175000
61,AAPL  190118C00180000
62,AAPL  190118P00180000
63,AAPL  190118C00185000
64,AAPL  190118C00190000
65,AAPL  190118P00185000
66,AAPL  190118P00190000
67,AAPL  190118C00195000
68,AAPL  190118P00195000
69,AAPL  180615C00100000
70,AAPL  180615C00105000
71,AAPL  180615C00110000
72,AAPL  180615C00115000
73,AAPL  180615C00120000
74,AAPL  180615C00125000
75,AAPL  180615C00130000
76,AAPL  180615C00135000
77,AAPL  180615C00140000
78,AAPL  180615C00145000
79,AAPL  180615C00150000
80,AAPL  180615C00155000
81,AAPL  180615C00160000
82,AAPL  180615C00165000
83,AAPL  180615C00170000
84,AAPL  180615C00175000
85,AAPL  180615C00180000
86,AAPL  180615C00185000
87,AAPL  180615C00190000
88,AAPL  180615C00195000
89,AAPL  180615C00070000
90,AAPL  180615C00075000
91,AAPL  180615C00080000
92,AAPL  180615C00085000
93,AAPL  180615C00090000
94,AAPL  180615C00095000
95,AAPL  180615P00100000
96,AAPL  180615P00105000
97,AAPL  180615P00110000
98,AAPL  180615P00115000
99,AAPL  180615P00120000
100,AAPL  180615P00125000
101,AAPL  180615P00130000
102,AAPL  180615P00135000
103,AAPL  180615P00140000
104,AAPL  180615P00145000
105,AAPL  180615P00150000
106,AAPL  180615P00155000
107,AAPL  180615P00160000
108,AAPL  180615P00165000
109,AAPL  180615P00170000
110,AAPL  180615P00175000
111,AAPL  180615P00180000
112,AAPL  180615P00185000
113,AAPL  180615P00190000
114,AAPL  180615P00195000
115,AAPL  180615P00070000
116,AAPL  180615P00075000
117,AAPL  180615P00080000
118,AAPL  180615P00085000
119,AAPL  180615P00090000
120,AAPL  180615P00095000
121,AAPL  180615C00200000
122,AAPL  180615P00200000
123,AAPL  190118C00200000
124,AAPL  190118P00200000
125,AAPL  180615C00210000
126,AAPL  180615P00210000
127,AAPL  190118C00210000
128,AAPL  190118P00210000
129,AAPL  180615C00205000
130,AAPL  180615C00215000
131,AAPL  180615C00220000
132,AAPL  180615C00225000
133,AAPL  180615C00230000
134,AAPL  180615C00235000
135,AAPL  180615C00240000
136,AAPL  180615C00245000
137,AAPL  180615C00250000
138,AAPL  180615P00205000
139,AAPL  180615P00215000
140,AAPL  180615P00220000
141,AAPL  180615P00225000
142,AAPL  180615P00230000
143,AAPL  180615P00235000
144,AAPL  180615P00240000
145,AAPL  180615P00245000
146,AAPL  180615P00250000
147,AAPL  190118C00205000
148,AAPL  190118C00215000
149,AAPL  190118C00220000
150,AAPL  190118C00225000
151,AAPL  190118C00230000
152,AAPL  190118C00235000
153,AAPL  190118C00240000
154,AAPL  190118C00245000
155,AAPL  190118C00250000
156,AAPL  190118P00205000
157,AAPL  190118P00215000
158,AAPL  190118P00220000
159,AAPL  190118P00225000
160,AAPL  190118P00230000
161,AAPL  190118P00235000
162,AAPL  190118P00240000
163,AAPL  190118P00245000
164,AAPL  190118P00250000
165,AAPL  180921C00100000
166,AAPL  180921C00105000
167,AAPL  180921C00110000
168,AAPL  180921C00115000
169,AAPL  180921C00120000
170,AAPL  180921C00125000
171,AAPL  180921C00130000
172,AAPL  180921C00135000
173,AAPL  180921C00140000
174,AAPL  180921C00145000
175,AAPL  180921C00150000
176,AAPL  180921C00155000
177,AAPL  180921C00160000
178,AAPL  180921C00165000
179,AAPL  180921C00170000
180,AAPL  180921C00175000
181,AAPL  180921C00180000
182,AAPL  180921C00185000
183,AAPL  180921C00190000
184,AAPL  180921C00195000
185,AAPL  180921C00200000
186,AAPL  180921C00205000
187,AAPL  180921C00210000
188,AAPL  180921C00215000
189,AAPL  180921C00220000
190,AAPL  180921C00225000
191,AAPL  180921C00230000
192,AAPL  180921C00235000
193,AAPL  180921C00240000
194,AAPL  180921C00245000
195,AAPL  180921C00250000
196,AAPL  180921C00075000
197,AAPL  180921C00080000
198,AAPL  180921C00085000
199,AAPL  180921C00090000
200,AAPL  180921C00095000
201,AAPL  180921P00100000
202,AAPL  180921P00105000
203,AAPL  180921P00110000
204,AAPL  180921P00115000
205,AAPL  180921P00120000
206,AAPL  180921P00125000
207,AAPL  180921P00130000
208,AAPL  180921P00135000
209,AAPL  180921P00140000
210,AAPL  180921P00145000
211,AAPL  180921P00150000
212,AAPL  180921P00155000
213,AAPL  180921P00160000
214,AAPL  180921P00165000
215,AAPL  180921P00170000
216,AAPL  180921P00175000
217,AAPL  180921P00180000
218,AAPL  180921P00185000
219,AAPL  180921P00190000
220,AAPL  180921P00195000
221,AAPL  180921P00200000
222,AAPL  180921P00205000
223,AAPL  180921P00210000
224,AAPL  180921P00215000
225,AAPL  180921P00220000
226,AAPL  180921P00225000
227,AAPL  180921P00230000
228,AAPL  180921P00235000
229,AAPL  180921P00240000
230,AAPL  180921P00245000
231,AAPL  180921P00250000
232,AAPL  180921P00075000
233,AAPL  180921P00080000
234,AAPL  180921P00085000
235,AAPL  180921P00090000
236,AAPL  180921P00095000
237,AAPL  180420C00120000
238,AAPL  180420C00125000
239,AAPL  180420C00130000
240,AAPL  180420C00135000
241,AAPL  180420C00140000
242,AAPL  180420C00145000
243,AAPL  180420C00150000
244,AAPL  180420C00155000
245,AAPL  180420C00160000
246,AAPL  180420C00170000
247,AAPL  180420C00175000
248,AAPL  180420C00190000
249,AAPL  180420C00195000
250,AAPL  180420C00200000
251,AAPL  180420C00205000
252,AAPL  180420C00210000
253,AAPL  180420P00120000
254,AAPL  180420P00125000
255,AAPL  180420P00130000
256,AAPL  180420P00135000
257,AAPL  180420P00140000
258,AAPL  180420P00145000
259,AAPL  180420P00150000
260,AAPL  180420P00155000
261,AAPL  180420P00160000
262,AAPL  180420P00165000
263,AAPL  180420P00170000
264,AAPL  180420P00175000
265,AAPL  180420P00180000
266,AAPL  180420P00185000
267,AAPL  180420P00190000
268,AAPL  180420P00195000
269,AAPL  180420P00200000
270,AAPL  180420P00205000
271,AAPL  180420P00210000
272,AAPL  180420C00100000
273,AAPL  180420C00105000
274,AAPL  180420C00110000
275,AAPL  180420C00115000
276,AAPL  180420C00085000
277,AAPL  180420C00090000
278,AAPL  180420C00095000
279,AAPL  180420P00100000
280,AAPL  180420P00105000
281,AAPL  180420P00110000
282,AAPL  180420P00115000
283,AAPL  180420P00085000
284,AAPL  180420P00090000
285,AAPL  180420P00095000
286,AAPL  180420C00220000
287,AAPL  180420P00220000
288,AAPL  180420C00230000
289,AAPL  180420P00230000
290,AAPL  180420C00010000
291,AAPL  180420C00012500
292,AAPL  180420C00015000
293,AAPL  180420C00017500
294,AAPL  180420C00002500
295,AAPL  180420C00020000
296,AAPL  180420C00215000
297,AAPL  180420C00022500
298,AAPL  180420C00225000
299,AAPL  180420C00235000
300,AAPL  180420C00240000
301,AAPL  180420C00245000
302,AAPL  180420C00250000
303,AAPL  180420C00255000
304,AAPL  180420C00025000
305,AAPL  180420C00260000
306,AAPL  180420C00265000
307,AAPL  180420C00270000
308,AAPL  180420C00275000
309,AAPL  180420C00280000
310,AAPL  180420C00285000
311,AAPL  180420C00290000
312,AAPL  180420C00295000
313,AAPL  180420C00300000
314,AAPL  180420C00305000
315,AAPL  180420C00030000
316,AAPL  180420C00310000
317,AAPL  180420C00315000
318,AAPL  180420C00320000
319,AAPL  180420C00035000
320,AAPL  180420C00040000
321,AAPL  180420C00045000
322,AAPL  180420C00050000
323,AAPL  180420C00055000
324,AAPL  180420C00005000
325,AAPL  180420C00060000
326,AAPL  180420C00065000
327,AAPL  180420C00007500
328,AAPL  180420C00070000
329,AAPL  180420C00075000
330,AAPL  180420C00080000
331,AAPL  180420P00010000
332,AAPL  180420P00012500
333,AAPL  180420P00015000
334,AAPL  180420P00017500
335,AAPL  180420P00002500
336,AAPL  180420P00020000
337,AAPL  180420P00215000
338,AAPL  180420P00022500
339,AAPL  180420P00225000
340,AAPL  180420P00235000
341,AAPL  180420P00240000
342,AAPL  180420P00245000
343,AAPL  180420P00250000
344,AAPL  180420P00255000
345,AAPL  180420P00025000
346,AAPL  180420P00260000
347,AAPL  180420P00265000
348,AAPL  180420P00270000
349,AAPL  180420P00275000
350,AAPL  180420P00280000
351,AAPL  180420P00285000
352,AAPL  180420P00290000
353,AAPL  180420P00295000
354,AAPL  180420P00300000
355,AAPL  180420P00305000
356,AAPL  180420P00030000
357,AAPL  180420P00310000
358,AAPL  180420P00315000
359,AAPL  180420P00320000
360,AAPL  180420P00035000
361,AAPL  180420P00040000
362,AAPL  180420P00045000
363,AAPL  180420P00050000
364,AAPL  180420P00055000
365,AAPL  180420P00005000
366,AAPL  180420P00060000
367,AAPL  180420P00065000
368,AAPL  180420P00007500
369,AAPL  180420P00070000
370,AAPL  180420P00075000
371,AAPL  180420P00080000
372,AAPL  200117C00115000
373,AAPL  200117C00120000
374,AAPL  200117C00125000
375,AAPL  200117C00130000
376,AAPL  200117C00135000
377,AAPL  200117C00140000
378,AAPL  200117C00145000
379,AAPL  200117C00150000
380,AAPL  200117C00155000
381,AAPL  200117C00160000
382,AAPL  200117C00165000
383,AAPL  200117C00170000
384,AAPL  200117C00175000
385,AAPL  200117C00180000
386,AAPL  200117C00185000
387,AAPL  200117C00190000
388,AAPL  200117C00195000
389,AAPL  200117C00200000
390,AAPL  200117C00210000
391,AAPL  200117P00115000
392,AAPL  200117P00120000
393,AAPL  200117P00125000
394,AAPL  200117P00130000
395,AAPL  200117P00135000
396,AAPL  200117P00140000
397,AAPL  200117P00145000
398,AAPL  200117P00150000
399,AAPL  200117P00155000
400,AAPL  200117P00160000
401,AAPL  200117P00165000
402,AAPL  200117P00170000
403,AAPL  200117P00175000
404,AAPL  200117P00180000
405,AAPL  200117P00185000
406,AAPL  200117P00190000
407,AAPL  200117P00195000
408,AAPL  200117P00200000
409,AAPL  200117P00210000
410,AAPL  200117C00100000
411,AAPL  200117C00105000
412,AAPL  200117C00110000
413,AAPL  200117C00220000
414,AAPL  200117C00230000
415,AAPL  200117C00240000
416,AAPL  200117C00085000
417,AAPL  200117C00090000
418,AAPL  200117C00095000
419,AAPL  200117P00100000
420,AAPL  200117P00105000
421,AAPL  200117P00110000
422,AAPL  200117P00220000
423,AAPL  200117P00230000
424,AAPL  200117P00240000
425,AAPL  200117P00085000
426,AAPL  200117P00090000
427,AAPL  200117P00095000
428,AAPL  200117C00080000
429,AAPL  200117P00080000
430,AAPL  200117C00250000
431,AAPL  200117P00250000
432,AAPL  180615C00260000
433,AAPL  180615P00260000
434,AAPL  180921C00260000
435,AAPL  180921P00260000
436,AAPL  190118C00260000
437,AAPL  190118P00260000
438,AAPL  200117C00260000
439,AAPL  200117P00260000
440,AAPL  180720C00100000
441,AAPL  180720C00105000
442,AAPL  180720C00010000
443,AAPL  180720C00110000
444,AAPL  180720C00115000
445,AAPL  180720C00012500
446,AAPL  180720C00120000
447,AAPL  180720C00125000
448,AAPL  180720C00130000
449,AAPL  180720C00135000
450,AAPL  180720C00140000
451,AAPL  180720C00145000
452,AAPL  180720C00150000
453,AAPL  180720C00155000
454,AAPL  180720C00015000
455,AAPL  180720C00160000
456,AAPL  180720C00165000
457,AAPL  180720C00017500
458,AAPL  180720C00170000
459,AAPL  180720C00175000
460,AAPL  180720C00180000
461,AAPL  180720C00185000
462,AAPL  180720C00190000
463,AAPL  180720C00195000
464,AAPL  180720C00002500
465,AAPL  180720C00200000
466,AAPL  180720C00205000
467,AAPL  180720C00020000
468,AAPL  180720C00210000
469,AAPL  180720C00215000
470,AAPL  180720C00022500
471,AAPL  180720C00220000
472,AAPL  180720C00225000
473,AAPL  180720C00230000
474,AAPL  180720C00235000
475,AAPL  180720C00240000
476,AAPL  180720C00245000
477,AAPL  180720C00250000
478,AAPL  180720C00255000
479,AAPL  180720C00025000
480,AAPL  180720C00260000
481,AAPL  180720C00265000
482,AAPL  180720C00270000
483,AAPL  180720C00275000
484,AAPL  180720C00280000
485,AAPL  180720C00285000
486,AAPL  180720C00290000
487,AAPL  180720C00295000
488,AAPL  180720C00300000
489,AAPL  180720C00305000
490,AAPL  180720C00030000
491,AAPL  180720C00310000
492,AAPL  180720C00315000
493,AAPL  180720C00320000
494,AAPL  180720C00325000
495,AAPL  180720C00330000
496,AAPL  180720C00335000
497,AAPL  180720C00340000
498,AAPL  180720C00035000
499,AAPL  180720C00040000
500,AAPL  180720C00045000
501,AAPL  180720C00050000
502,AAPL  180720C00055000
503,AAPL  180720C00005000
504,AAPL  180720C00060000
505,AAPL  180720C00065000
506,AAPL  180720C00007500
507,AAPL  180720C00070000
508,AAPL  180720C00075000
509,AAPL  180720C00080000
510,AAPL  180720C00085000
511,AAPL  180720C00090000
512,AAPL  180720C00095000
513,AAPL  180720P00100000
514,AAPL  180720P00105000
515,AAPL  180720P00010000
516,AAPL  180720P00110000
517,AAPL  180720P00115000
518,AAPL  180720P00012500
519,AAPL  180720P00120000
520,AAPL  180720P00125000
521,AAPL  180720P00130000
522,AAPL  180720P00135000
523,AAPL  180720P00140000
524,AAPL  180720P00145000
525,AAPL  180720P00150000
526,AAPL  180720P00155000
527,AAPL  180720P00015000
528,AAPL  180720P00160000
529,AAPL  180720P00165000
530,AAPL  180720P00017500
531,AAPL  180720P00170000
532,AAPL  180720P00175000
533,AAPL  180720P00180000
534,AAPL  180720P00185000
535,AAPL  180720P00190000
536,AAPL  180720P00195000
537,AAPL  180720P00002500
538,AAPL  180720P00200000
539,AAPL  180720P00205000
540,AAPL  180720P00020000
541,AAPL  180720P00210000
542,AAPL  180720P00215000
543,AAPL  180720P00022500
544,AAPL  180720P00220000
545,AAPL  180720P00225000
546,AAPL  180720P00230000
547,AAPL  180720P00235000
548,AAPL  180720P00240000
549,AAPL  180720P00245000
550,AAPL  180720P00250000
551,AAPL  180720P00255000
552,AAPL  180720P00025000
553,AAPL  180720P00260000
554,AAPL  180720P00265000
555,AAPL  180720P00270000
556,AAPL  180720P00275000
557,AAPL  180720P00280000
558,AAPL  180720P00285000
559,AAPL  180720P00290000
560,AAPL  180720P00295000
561,AAPL  180720P00300000
562,AAPL  180720P00305000
563,AAPL  180720P00030000
564,AAPL  180720P00310000
565,AAPL  180720P00315000
566,AAPL  180720P00320000
567,AAPL  180720P00325000
568,AAPL  180720P00330000
569,AAPL  180720P00335000
570,AAPL  180720P00340000
571,AAPL  180720P00035000
572,AAPL  180720P00040000
573,AAPL  180720P00045000
574,AAPL  180720P00050000
575,AAPL  180720P00055000
576,AAPL  180720P00005000
577,AAPL  180720P00060000
578,AAPL  180720P00065000
579,AAPL  180720P00007500
580,AAPL  180720P00070000
581,AAPL  180720P00075000
582,AAPL  180720P00080000
583,AAPL  180720P00085000
584,AAPL  180720P00090000
585,AAPL  180720P00095000
586,AAPL  200117C00050000
587,AAPL  200117C00055000
588,AAPL  200117C00060000
589,AAPL  200117C00065000
590,AAPL  200117C00070000
591,AAPL  200117C00075000
592,AAPL  200117P00050000
593,AAPL  200117P00055000
594,AAPL  200117P00060000
595,AAPL  200117P00065000
596,AAPL  200117P00070000
597,AAPL  200117P00075000
598,AAPL  180316C00100000
599,AAPL  180316C00105000
600,AAPL  180316C00010000
601,AAPL  180316C00110000
602,AAPL  180316C00115000
603,AAPL  180316C00012500
604,AAPL  180316C00120000
605,AAPL  180316C00125000
606,AAPL  180316C00130000
607,AAPL  180316C00135000
608,AAPL  180316C00140000
609,AAPL  180316C00145000
610,AAPL  180316C00150000
611,AAPL  180316C00155000
612,AAPL  180316C00015000
613,AAPL  180316C00160000
614,AAPL  180316C00165000
615,AAPL  180316C00017500
616,AAPL  180316C00170000
617,AAPL  180316C00180000
618,AAPL  180316C00185000
619,AAPL  180316C00190000
620,AAPL  180316C00195000
621,AAPL  180316C00002500
622,AAPL  180316C00200000
623,AAPL  180316C00205000
624,AAPL  180316C00020000
625,AAPL  180316C00210000
626,AAPL  180316C00215000
627,AAPL  180316C00022500
628,AAPL  180316C00220000
629,AAPL  180316C00225000
630,AAPL  180316C00230000
631,AAPL  180316C00235000
632,AAPL  180316C00240000
633,AAPL  180316C00245000
634,AAPL  180316C00250000
635,AAPL  180316C00255000
636,AAPL  180316C00025000
637,AAPL  180316C00260000
638,AAPL  180316C00265000
639,AAPL  180316C00270000
640,AAPL  180316C00275000
641,AAPL  180316C00280000
642,AAPL  180316C00285000
643,AAPL  180316C00290000
644,AAPL  180316C00295000
645,AAPL  180316C00300000
646,AAPL  180316C00305000
647,AAPL  180316C00030000
648,AAPL  180316C00310000
649,AAPL  180316C00315000
650,AAPL  180316C00320000
651,AAPL  180316C00325000
652,AAPL  180316C00330000
653,AAPL  180316C00335000
654,AAPL  180316C00340000
655,AAPL  180316C00345000
656,AAPL  180316C00350000
657,AAPL  180316C00355000
658,AAPL  180316C00035000
659,AAPL  180316C00360000
660,AAPL  180316C00040000
661,AAPL  180316C00045000
662,AAPL  180316C00050000
663,AAPL  180316C00055000
664,AAPL  180316C00005000
665,AAPL  180316C00060000
666,AAPL  180316C00065000
667,AAPL  180316C00007500
668,AAPL  180316C00070000
669,AAPL  180316C00075000
670,AAPL  180316C00080000
671,AAPL  180316C00085000
672,AAPL  180316C00090000
673,AAPL  180316C00095000
674,AAPL  180316P00100000
675,AAPL  180316P00105000
676,AAPL  180316P00010000
677,AAPL  180316P00110000
678,AAPL  180316P00115000
679,AAPL  180316P00012500
680,AAPL  180316P00120000
681,AAPL  180316P00125000
682,AAPL  180316P00130000
683,AAPL  180316P00135000
684,AAPL  180316P00140000
685,AAPL  180316P00145000
686,AAPL  180316P00150000
687,AAPL  180316P00155000
688,AAPL  180316P00015000
689,AAPL  180316P00160000
690,AAPL  180316P00165000
691,AAPL  180316P00017500
692,AAPL  180316P00170000
693,AAPL  180316P00175000
694,AAPL  180316P00180000
695,AAPL  180316P00185000
696,AAPL  180316P00190000
697,AAPL  180316P00195000
698,AAPL  180316P00002500
699,AAPL  180316P00200000
700,AAPL  180316P00205000
701,AAPL  180316P00020000
702,AAPL  180316P00210000
703,AAPL  180316P00215000
704,AAPL  180316P00022500
705,AAPL  180316P00220000
706,AAPL  180316P00225000
707,AAPL  180316P00230000
708,AAPL  180316P00235000
709,AAPL  180316P00240000
710,AAPL  180316P00245000
711,AAPL  180316P00250000
712,AAPL  180316P00255000
713,AAPL  180316P00025000
714,AAPL  180316P00260000
715,AAPL  180316P00265000
716,AAPL  180316P00270000
717,AAPL  180316P00275000
718,AAPL  180316P00280000
719,AAPL  180316P00285000
720,AAPL  180316P00290000
721,AAPL  180316P00295000
722,AAPL  180316P00300000
723,AAPL  180316P00305000
724,AAPL  180316P00030000
725,AAPL  180316P00310000
726,AAPL  180316P00315000
727,AAPL  180316P00320000
728,AAPL  180316P00325000
729,AAPL  180316P00330000
730,AAPL  180316P00335000
731,AAPL  180316P00340000
732,AAPL  180316P00345000
733,AAPL  180316P00350000
734,AAPL  180316P00355000
735,AAPL  180316P00035000
736,AAPL  180316P00360000
737,AAPL  180316P00040000
738,AAPL  180316P00045000
739,AAPL  180316P00050000
740,AAPL  180316P00055000
741,AAPL  180316P00005000
742,AAPL  180316P00060000
743,AAPL  180316P00065000
744,AAPL  180316P00007500
745,AAPL  180316P00070000
746,AAPL  180316P00075000
747,AAPL  180316P00080000
748,AAPL  180316P00085000
749,AAPL  180316P00090000
750,AAPL  180316P00095000
751,AAPL  180323C00143000
752,AAPL  180323C00144000
753,AAPL  180323C00145000
754,AAPL  180323C00146000
755,AAPL  180323C00147000
756,AAPL  180323C00148000
757,AAPL  180323C00149000
758,AAPL  180323C00150000
759,AAPL  180323C00152500
760,AAPL  180323C00155000
761,AAPL  180323C00157500
762,AAPL  180323C00160000
763,AAPL  180323C00162500
764,AAPL  180323C00165000
765,AAPL  180323C00167500
766,AAPL  180323C00170000
767,AAPL  180323C00172500
768,AAPL  180323C00175000
769,AAPL  180323C00177500
770,AAPL  180323C00180000
771,AAPL  180323C00182500
772,AAPL  180323C00185000
773,AAPL  180323C00187500
774,AAPL  180323C00190000
775,AAPL  180323C00192500
776,AAPL  180323C00195000
777,AAPL  180323C00197500
778,AAPL  180323C00200000
779,AAPL  180323C00202500
780,AAPL  180323P00143000
781,AAPL  180323P00144000
782,AAPL  180323P00145000
783,AAPL  180323P00146000
784,AAPL  180323P00147000
785,AAPL  180323P00148000
786,AAPL  180323P00149000
787,AAPL  180323P00150000
788,AAPL  180323P00152500
789,AAPL  180323P00155000
790,AAPL  180323P00157500
791,AAPL  180323P00160000
792,AAPL  180323P00162500
793,AAPL  180323P00165000
794,AAPL  180323P00167500
795,AAPL  180323P00170000
796,AAPL  180323P00172500
797,AAPL  180323P00175000
798,AAPL  180323P00177500
799,AAPL  180323P00180000
800,AAPL  180323P00182500
801,AAPL  180323P00185000
802,AAPL  180323P00187500
803,AAPL  180323P00190000
804,AAPL  180323P00192500
805,AAPL  180323P00195000
806,AAPL  180323P00197500
807,AAPL  180323P00200000
808,AAPL  180323P00202500
809,AAPL  180323C00130000
810,AAPL  180323C00135000
811,AAPL  180323C00140000
812,AAPL  180323C00205000
813,AAPL  180323C00210000
814,AAPL  180323P00130000
815,AAPL  180323P00135000
816,AAPL  180323P00140000
817,AAPL  180323P00205000
818,AAPL  180323P00210000
819,AAPL  180518C00120000
820,AAPL  180518C00125000
821,AAPL  180518C00130000
822,AAPL  180518C00135000
823,AAPL  180518C00140000
824,AAPL  180518C00145000
825,AAPL  180518C00150000
826,AAPL  180518C00155000
827,AAPL  180518C00160000
828,AAPL  180518C00165000
829,AAPL  180518C00170000
830,AAPL  180518C00175000
831,AAPL  180518C00180000
832,AAPL  180518C00185000
833,AAPL  180518C00190000
834,AAPL  180518C00195000
835,AAPL  180518C00200000
836,AAPL  180518P00120000
837,AAPL  180518P00125000
838,AAPL  180518P00130000
839,AAPL  180518P00135000
840,AAPL  180518P00140000
841,AAPL  180518P00145000
842,AAPL  180518P00150000
843,AAPL  180518P00155000
844,AAPL  180518P00160000
845,AAPL  180518P00165000
846,AAPL  180518P00170000
847,AAPL  180518P00175000
848,AAPL  180518P00180000
849,AAPL  180518P00185000
850,AAPL  180518P00190000
851,AAPL  180518P00195000
852,AAPL  180518P00200000
853,AAPL  180323C00141000
854,AAPL  180323C00142000
855,AAPL  180323P00141000
856,AAPL  180323P00142000
857,AAPL  180329C00140000
858,AAPL  180329C00141000
859,AAPL  180329C00142000
860,AAPL  180329C00143000
861,AAPL  180329C00144000
862,AAPL  180329C00145000
863,AAPL  180329C00146000
864,AAPL  180329C00147000
865,AAPL  180329C00148000
866,AAPL  180329C00149000
867,AAPL  180329C00150000
868,AAPL  180329C00152500
869,AAPL  180329C00155000
870,AAPL  180329C00157500
871,AAPL  180329C00160000
872,AAPL  180329C00162500
873,AAPL  180329C00165000
874,AAPL  180329C00167500
875,AAPL  180329C00170000
876,AAPL  180329C00172500
877,AAPL  180329C00175000
878,AAPL  180329C00177500
879,AAPL  180329C00180000
880,AAPL  180329C00182500
881,AAPL  180329C00185000
882,AAPL  180329C00187500
883,AAPL  180329C00190000
884,AAPL  180329C00192500
885,AAPL  180329C00195000
886,AAPL  180329P00140000
887,AAPL  180329P00141000
888,AAPL  180329P00142000
889,AAPL  180329P00143000
890,AAPL  180329P00144000
891,AAPL  180329P00145000
892,AAPL  180329P00146000
893,AAPL  180329P00147000
894,AAPL  180329P00148000
895,AAPL  180329P00149000
896,AAPL  180329P00150000
897,AAPL  180329P00152500
898,AAPL  180329P00155000
899,AAPL  180329P00157500
900,AAPL  180329P00160000
901,AAPL  180329P00162500
902,AAPL  180329P00165000
903,AAPL  180329P00167500
904,AAPL  180329P00170000
905,AAPL  180329P00172500
906,AAPL  180329P00175000
907,AAPL  180329P00177500
908,AAPL  180329P00180000
909,AAPL  180329P00182500
910,AAPL  180329P00185000
911,AAPL  180329P00187500
912,AAPL  180329P00190000
913,AAPL  180329P00192500
914,AAPL  180329P00195000
915,AAPL  180323C00115000
916,AAPL  180323C00120000
917,AAPL  180323C00125000
918,AAPL  180323C00138000
919,AAPL  180323C00139000
920,AAPL  180323P00115000
921,AAPL  180323P00120000
922,AAPL  180323P00125000
923,AAPL  180323P00138000
924,AAPL  180323P00139000
925,AAPL  180329C00115000
926,AAPL  180329C00120000
927,AAPL  180329C00125000
928,AAPL  180329C00130000
929,AAPL  180329C00135000
930,AAPL  180329P00115000
931,AAPL  180329P00120000
932,AAPL  180329P00125000
933,AAPL  180329P00130000
934,AAPL  180329P00135000
935,AAPL  180518C00110000
936,AAPL  180518C00115000
937,AAPL  180518P00110000
938,AAPL  180518P00115000
939,AAPL  180817C00100000
940,AAPL  180817C00105000
941,AAPL  180817C00110000
942,AAPL  180817C00115000
943,AAPL  180817C00120000
944,AAPL  180817C00125000
945,AAPL  180817C00130000
946,AAPL  180817C00135000
947,AAPL  180817C00140000
948,AAPL  180817C00145000
949,AAPL  180817C00150000
950,AAPL  180817C00155000
951,AAPL  180817C00160000
952,AAPL  180817C00165000
953,AAPL  180817C00170000
954,AAPL  180817C00175000
955,AAPL  180817C00180000
956,AAPL  180817C00185000
957,AAPL  180817C00190000
958,AAPL  180817C00195000
959,AAPL  180817C00200000
960,AAPL  180817P00100000
961,AAPL  180817P00105000
962,AAPL  180817P00110000
963,AAPL  180817P00115000
964,AAPL  180817P00120000
965,AAPL  180817P00125000
966,AAPL  180817P00130000
967,AAPL  180817P00135000
968,AAPL  180817P00140000
969,AAPL  180817P00145000
970,AAPL  180817P00150000
971,AAPL  180817P00155000
972,AAPL  180817P00160000
973,AAPL  180817P00165000
974,AAPL  180817P00170000
975,AAPL  180817P00175000
976,AAPL  180817P00180000
977,AAPL  180817P00185000
978,AAPL  180817P00190000
979,AAPL  180817P00195000
980,AAPL  180817P00200000
981,AAPL  181116C00100000
982,AAPL  181116C00105000
983,AAPL  181116C00110000
984,AAPL  181116C00115000
985,AAPL  181116C00120000
986,AAPL  181116C00125000
987,AAPL  181116C00130000
988,AAPL  181116C00135000
989,AAPL  181116C00140000
990,AAPL  181116C00145000
991,AAPL  181116C00150000
992,AAPL  181116C00155000
993,AAPL  181116C00160000
994,AAPL  181116C00165000
995,AAPL  181116C00170000
996,AAPL  181116C00175000
997,AAPL  181116C00180000
998,AAPL  181116C00185000
999,AAPL  181116C00190000
1000,AAPL  181116C00195000
1001,AAPL  181116C00200000
1002,AAPL  181116P00100000
1003,AAPL  181116P00105000
1004,AAPL  181116P00110000
1005,AAPL  181116P00115000
1006,AAPL  181116P00120000
1007,AAPL  181116P00125000
1008,AAPL  181116P00130000
1009,AAPL  181116P00135000
1010,AAPL  181116P00140000
1011,AAPL  181116P00145000
1012,AAPL  181116P00150000
1013,AAPL  181116P00155000
1014,AAPL  181116P00160000
1015,AAPL  181116P00165000
1016,AAPL  181116P00170000
1017,AAPL  181116P00175000
1018,AAPL  181116P00180000
1019,AAPL  181116P00185000
1020,AAPL  181116P00190000
1021,AAPL  181116P00195000
1022,AAPL  181116P00200000
1023,AAPL  180329C00200000
1024,AAPL  180329P00200000
1025,AAPL  180518C00210000
1026,AAPL  180518P00210000
1027,AAPL  180817C00210000
1028,AAPL  180817C00220000
1029,AAPL  180817C00230000
1030,AAPL  180817C00240000
1031,AAPL  180817P00210000
1032,AAPL  180817P00220000
1033,AAPL  180817P00230000
1034,AAPL  180817P00240000
1035,AAPL  181116C00210000
1036,AAPL  181116C00220000
1037,AAPL  181116C00230000
1038,AAPL  181116C00240000
1039,AAPL  181116C00250000
1040,AAPL  181116P00210000
1041,AAPL  181116P00220000
1042,AAPL  181116P00230000
1043,AAPL  181116P00240000
1044,AAPL  181116P00250000
1045,AAPL  180316C00152500
1046,AAPL  180316C00157500
1047,AAPL  180316C00162500
1048,AAPL  180316C00167500
1049,AAPL  180316C00172500
1050,AAPL  180316C00177500
1051,AAPL  180316C00182500
1052,AAPL  180316C00187500
1053,AAPL  180316C00192500
1054,AAPL  180316C00197500
1055,AAPL  180316C00202500
1056,AAPL  180316P00152500
1057,AAPL  180316P00157500
1058,AAPL  180316P00162500
1059,AAPL  180316P00167500
1060,AAPL  180316P00172500
1061,AAPL  180316P00177500
1062,AAPL  180316P00182500
1063,AAPL  180316P00187500
1064,AAPL  180316P00192500
1065,AAPL  180316P00197500
1066,AAPL  180316P00202500
1067,AAPL  181019C00100000
1068,AAPL  181019C00105000
1069,AAPL  181019C00010000
1070,AAPL  181019C00110000
1071,AAPL  181019C00115000
1072,AAPL  181019C00012500
1073,AAPL  181019C00120000
1074,AAPL  181019C00125000
1075,AAPL  181019C00130000
1076,AAPL  181019C00135000
1077,AAPL  181019C00140000
1078,AAPL  181019C00145000
1079,AAPL  181019C00150000
1080,AAPL  181019C00155000
1081,AAPL  181019C00015000
1082,AAPL  181019C00160000
1083,AAPL  181019C00165000
1084,AAPL  181019C00017500
1085,AAPL  181019C00170000
1086,AAPL  181019C00175000
1087,AAPL  181019C00180000
1088,AAPL  181019C00185000
1089,AAPL  181019C00190000
1090,AAPL  181019C00195000
1091,AAPL  181019C00002500
1092,AAPL  181019C00200000
1093,AAPL  181019C00205000
1094,AAPL  181019C00020000
1095,AAPL  181019C00210000
1096,AAPL  181019C00215000
1097,AAPL  181019C00022500
1098,AAPL  181019C00220000
1099,AAPL  181019C00225000
1100,AAPL  181019C00230000
1101,AAPL  181019C00235000
1102,AAPL  181019C00240000
1103,AAPL  181019C00245000
1104,AAPL  181019C00250000
1105,AAPL  181019C00255000
1106,AAPL  181019C00025000
1107,AAPL  181019C00260000
1108,AAPL  181019C00265000
1109,AAPL  181019C00270000
1110,AAPL  181019C00275000
1111,AAPL  181019C00280000
1112,AAPL  181019C00285000
1113,AAPL  181019C00290000
1114,AAPL  181019C00295000
1115,AAPL  181019C00300000
1116,AAPL  181019C00305000
1117,AAPL  181019C00030000
1118,AAPL  181019C00310000
1119,AAPL  181019C00315000
1120,AAPL  181019C00320000
1121,AAPL  181019C00325000
1122,AAPL  181019C00330000
1123,AAPL  181019C00335000
1124,AAPL  181019C00340000
1125,AAPL  181019C00035000
1126,AAPL  181019C00040000
1127,AAPL  181019C00045000
1128,AAPL  181019C00050000
1129,AAPL  181019C00055000
1130,AAPL  181019C00005000
1131,AAPL  181019C00060000
1132,AAPL  181019C00065000
1133,AAPL  181019C00007500
1134,AAPL  181019C00070000
1135,AAPL  181019C00075000
1136,AAPL  181019C00080000
1137,AAPL  181019C00085000
1138,AAPL  181019C00090000
1139,AAPL  181019C00095000
1140,AAPL  181019P00100000
1141,AAPL  181019P00105000
1142,AAPL  181019P00010000
1143,AAPL  181019P00110000
1144,AAPL  181019P00115000
1145,AAPL  181019P00012500
1146,AAPL  181019P00120000
1147,AAPL  181019P00125000
1148,AAPL  181019P00130000
1149,AAPL  181019P00135000
1150,AAPL  181019P00140000
1151,AAPL  181019P00145000
1152,AAPL  181019P00150000
1153,AAPL  181019P00155000
1154,AAPL  181019P00015000
1155,AAPL  181019P00160000
1156,AAPL  181019P00165000
1157,AAPL  181019P00017500
1158,AAPL  181019P00170000
1159,AAPL  181019P00175000
1160,AAPL  181019P00180000
1161,AAPL  181019P00185000
1162,AAPL  181019P00190000
1163,AAPL  181019P00195000
1164,AAPL  181019P00002500
1165,AAPL  181019P00200000
1166,AAPL  181019P00205000
1167,AAPL  181019P00020000
1168,AAPL  181019P00210000
1169,AAPL  181019P00215000
1170,AAPL  181019P00022500
1171,AAPL  181019P00220000
1172,AAPL  181019P00225000
1173,AAPL  181019P00230000
1174,AAPL  181019P00235000
1175,AAPL  181019P00240000
1176,AAPL  181019P00245000
1177,AAPL  181019P00250000
1178,AAPL  181019P00255000
1179,AAPL  181019P00025000
1180,AAPL  181019P00260000
1181,AAPL  181019P00265000
1182,AAPL  181019P00270000
1183,AAPL  181019P00275000
1184,AAPL  181019P00280000
1185,AAPL  181019P00285000
1186,AAPL  181019P00290000
1187,AAPL  181019P00295000
1188,AAPL  181019P00300000
1189,AAPL  181019P00305000
1190,AAPL  181019P00030000
1191,AAPL  181019P00310000
1192,AAPL  181019P00315000
1193,AAPL  181019P00320000
1194,AAPL  181019P00325000
1195,AAPL  181019P00330000
1196,AAPL  181019P00335000
1197,AAPL  181019P00340000
1198,AAPL  181019P00035000
1199,AAPL  181019P00040000
1200,AAPL  181019P00045000
1201,AAPL  181019P00050000
1202,AAPL  181019P00055000
1203,AAPL  181019P00005000
1204,AAPL  181019P00060000
1205,AAPL  181019P00065000
1206,AAPL  181019P00007500
1207,AAPL  181019P00070000
1208,AAPL  181019P00075000
1209,AAPL  181019P00080000
1210,AAPL  181019P00085000
1211,AAPL  181019P00090000
1212,AAPL  181019P00095000
1213,AAPL  180323C00207500
1214,AAPL  180323P00207500
1215,AAPL  180406C00145000
1216,AAPL  180406C00146000
1217,AAPL  180406C00147000
1218,AAPL  180406C00148000
1219,AAPL  180406C00149000
1220,AAPL  180406C00150000
1221,AAPL  180406C00152500
1222,AAPL  180406C00155000
1223,AAPL  180406C00157500
1224,AAPL  180406C00160000
1225,AAPL  180406C00162500
1226,AAPL  180406C00165000
1227,AAPL  180406C00167500
1228,AAPL  180406C00170000
1229,AAPL  180406C00172500
1230,AAPL  180406C00175000
1231,AAPL  180406C00177500
1232,AAPL  180406C00180000
1233,AAPL  180406C00182500
1234,AAPL  180406C00185000
1235,AAPL  180406C00187500
1236,AAPL  180406C00190000
1237,AAPL  180406C00192500
1238,AAPL  180406C00195000
1239,AAPL  180406C00197500
1240,AAPL  180406C00200000
1241,AAPL  180406C00202500
1242,AAPL  180406C00205000
1243,AAPL  180406C00207500
1244,AAPL  180406P00145000
1245,AAPL  180406P00146000
1246,AAPL  180406P00147000
1247,AAPL  180406P00148000
1248,AAPL  180406P00149000
1249,AAPL  180406P00150000
1250,AAPL  180406P00152500
1251,AAPL  180406P00155000
1252,AAPL  180406P00157500
1253,AAPL  180406P00160000
1254,AAPL  180406P00162500
1255,AAPL  180406P00165000
1256,AAPL  180406P00167500
1257,AAPL  180406P00170000
1258,AAPL  180406P00172500
1259,AAPL  180406P00175000
1260,AAPL  180406P00177500
1261,AAPL  180406P00180000
1262,AAPL  180406P00182500
1263,AAPL  180406P00185000
1264,AAPL  180406P00187500
1265,AAPL  180406P00190000
1266,AAPL  180406P00192500
1267,AAPL  180406P00195000
1268,AAPL  180406P00197500
1269,AAPL  180406P00200000
1270,AAPL  180406P00202500
1271,AAPL  180406P00205000
1272,AAPL  180406P00207500
1273,AAPL  190621C00100000
1274,AAPL  190621C00105000
1275,AAPL  190621C00110000
1276,AAPL  190621C00115000
1277,AAPL  190621C00120000
1278,AAPL  190621C00125000
1279,AAPL  190621C00130000
1280,AAPL  190621C00135000
1281,AAPL  190621C00140000
1282,AAPL  190621C00145000
1283,AAPL  190621C00150000
1284,AAPL  190621C00155000
1285,AAPL  190621C00160000
1286,AAPL  190621C00165000
1287,AAPL  190621C00170000
1288,AAPL  190621C00175000
1289,AAPL  190621C00180000
1290,AAPL  190621C00185000
1291,AAPL  190621C00190000
1292,AAPL  190621C00195000
1293,AAPL  190621C00200000
1294,AAPL  190621C00205000
1295,AAPL  190621C00210000
1296,AAPL  190621C00215000
1297,AAPL  190621C00220000
1298,AAPL  190621C00225000
1299,AAPL  190621C00230000
1300,AAPL  190621C00235000
1301,AAPL  190621C00240000
1302,AAPL  190621C00245000
1303,AAPL  190621C00250000
1304,AAPL  190621C00255000
1305,AAPL  190621C00260000
1306,AAPL  190621C00265000
1307,AAPL  190621C00270000
1308,AAPL  190621C00275000
1309,AAPL  190621C00280000
1310,AAPL  190621C00285000
1311,AAPL  190621C00290000
1312,AAPL  190621C00295000
1313,AAPL  190621C00300000
1314,AAPL  190621P00100000
1315,AAPL  190621P00105000
1316,AAPL  190621P00110000
1317,AAPL  190621P00115000
1318,AAPL  190621P00120000
1319,AAPL  190621P00125000
1320,AAPL  190621P00130000
1321,AAPL  190621P00135000
1322,AAPL  190621P00140000
1323,AAPL  190621P00145000
1324,AAPL  190621P00150000
1325,AAPL  190621P00155000
1326,AAPL  190621P00160000
1327,AAPL  190621P00165000
1328,AAPL  190621P00170000
1329,AAPL  190621P00175000
1330,AAPL  190621P00180000
1331,AAPL  190621P00185000
1332,AAPL  190621P00190000
1333,AAPL  190621P00195000
1334,AAPL  190621P00200000
1335,AAPL  190621P00205000
1336,AAPL  190621P00210000
1337,AAPL  190621P00215000
1338,AAPL  190621P00220000
1339,AAPL  190621P00225000
1340,AAPL  190621P00230000
1341,AAPL  190621P00235000
1342,AAPL  190621P00240000
1343,AAPL  190621P00245000
1344,AAPL  190621P00250000
1345,AAPL  190621P00255000
1346,AAPL  190621P00260000
1347,AAPL  190621P00265000
1348,AAPL  190621P00270000
1349,AAPL  190621P00275000
1350,AAPL  190621P00280000
1351,AAPL  190621P00285000
1352,AAPL  190621P00290000
1353,AAPL  190621P00295000
1354,AAPL  190621P00300000
1355,AAPL  180329C00197500
1356,AAPL  180329C00202500
1357,AAPL  180329P00197500
1358,AAPL  180329P00202500
1359,AAPL  180323C00212500
1360,AAPL  180323C00215000
1361,AAPL  180323P00212500
1362,AAPL  180323P00215000
1363,AAPL  180406C00210000
1364,AAPL  180406C00212500
1365,AAPL  180406C00215000
1366,AAPL  180406P00210000
1367,AAPL  180406P00212500
1368,AAPL  180406P00215000
1369,AAPL  180413C00148000
1370,AAPL  180413C00149000
1371,AAPL  180413C00150000
1372,AAPL  180413C00152500
1373,AAPL  180413C00155000
1374,AAPL  180413C00157500
1375,AAPL  180413C00160000
1376,AAPL  180413C00162500
1377,AAPL  180413C00165000
1378,AAPL  180413C00167500
1379,AAPL  180413C00170000
1380,AAPL  180413C00172500
1381,AAPL  180413C00175000
1382,AAPL  180413C00177500
1383,AAPL  180413C00180000
1384,AAPL  180413C00182500
1385,AAPL  180413C00185000
1386,AAPL  180413C00187500
1387,AAPL  180413C00190000
1388,AAPL  180413C00192500
1389,AAPL  180413C00195000
1390,AAPL  180413C00197500
1391,AAPL  180413C00200000
1392,AAPL  180413C00202500
1393,AAPL  180413C00205000
1394,AAPL  180413C00207500
1395,AAPL  180413C00210000
1396,AAPL  180413C00212500
1397,AAPL  180413C00215000
1398,AAPL  180413P00148000
1399,AAPL  180413P00149000
1400,AAPL  180413P00150000
1401,AAPL  180413P00152500
1402,AAPL  180413P00155000
1403,AAPL  180413P00157500
1404,AAPL  180413P00160000
1405,AAPL  180413P00162500
1406,AAPL  180413P00165000
1407,AAPL  180413P00167500
1408,AAPL  180413P00170000
1409,AAPL  180413P00172500
1410,AAPL  180413P00175000
1411,AAPL  180413P00177500
1412,AAPL  180413P00180000
1413,AAPL  180413P00182500
1414,AAPL  180413P00185000
1415,AAPL  180413P00187500
1416,AAPL  180413P00190000
1417,AAPL  180413P00192500
1418,AAPL  180413P00195000
1419,AAPL  180413P00197500
1420,AAPL  180413P00200000
1421,AAPL  180413P00202500
1422,AAPL  180413P00205000
1423,AAPL  180413P00207500
1424,AAPL  180413P00210000
1425,AAPL  180413P00212500
1426,AAPL  180413P00215000
1427,AAPL  200117C00205000
1428,AAPL  200117C00215000
1429,AAPL  200117C00225000
1430,AAPL  200117C00235000
1431,AAPL  200117C00245000
1432,AAPL  200117C00255000
1433,AAPL  200117C00270000
1434,AAPL  200117C00280000
1435,AAPL  200117C00290000
1436,AAPL  200117C00300000
1437,AAPL  200117P00205000
1438,AAPL  200117P00215000
1439,AAPL  200117P00225000
1440,AAPL  200117P00235000
1441,AAPL  200117P00245000
1442,AAPL  200117P00255000
1443,AAPL  200117P00270000
1444,AAPL  200117P00280000
1445,AAPL  200117P00290000
1446,AAPL  200117P00300000
1447,AAPL  200619C00100000
1448,AAPL  200619C00105000
1449,AAPL  200619C00110000
1450,AAPL  200619C00115000
1451,AAPL  200619C00120000
1452,AAPL  200619C00125000
1453,AAPL  200619C00130000
1454,AAPL  200619C00135000
1455,AAPL  200619C00140000
1456,AAPL  200619C00145000
1457,AAPL  200619C00150000
1458,AAPL  200619C00155000
1459,AAPL  200619C00160000
1460,AAPL  200619C00165000
1461,AAPL  200619C00170000
1462,AAPL  200619C00175000
1463,AAPL  200619C00180000
1464,AAPL  200619C00185000
1465,AAPL  200619C00190000
1466,AAPL  200619C00195000
1467,AAPL  200619C00200000
1468,AAPL  200619C00205000
1469,AAPL  200619C00210000
1470,AAPL  200619C00215000
1471,AAPL  200619C00220000
1472,AAPL  200619C00225000
1473,AAPL  200619C00230000
1474,AAPL  200619C00235000
1475,AAPL  200619C00240000
1476,AAPL  200619C00245000
1477,AAPL  200619C00250000
1478,AAPL  200619C00260000
1479,AAPL  200619C00270000
1480,AAPL  200619C00280000
1481,AAPL  200619C00290000
1482,AAPL  200619C00300000
1483,AAPL  200619P00100000
1484,AAPL  200619P00105000
1485,AAPL  200619P00110000
1486,AAPL  200619P00115000
1487,AAPL  200619P00120000
1488,AAPL  200619P00125000
1489,AAPL  200619P00130000
1490,AAPL  200619P00135000
1491,AAPL  200619P00140000
1492,AAPL  200619P00145000
1493,AAPL  200619P00150000
1494,AAPL  200619P00155000
1495,AAPL  200619P00160000
1496,AAPL  200619P00165000
1497,AAPL  200619P00170000
1498,AAPL  200619P00175000
1499,AAPL  200619P00180000
1500,AAPL  200619P00185000
1501,AAPL  200619P00190000
1502,AAPL  200619P00195000
1503,AAPL  200619P00200000
1504,AAPL  200619P00205000
1505,AAPL  200619P00210000
1506,AAPL  200619P00215000
1507,AAPL  200619P00220000
1508,AAPL  200619P00225000
1509,AAPL  200619P00230000
1510,AAPL  200619P00235000
1511,AAPL  200619P00240000
1512,AAPL  200619P00245000
1513,AAPL  200619P00250000
1514,AAPL  200619P00260000
1515,AAPL  200619P00270000
1516,AAPL  200619P00280000
1517,AAPL  200619P00290000
1518,AAPL  200619P00300000
1519,AAPL  180329C00205000
1520,AAPL  180329P00205000
1521,AAPL  180413C00145000
1522,AAPL  180413P00145000
1523,AAPL  180518C00205000
1524,AAPL  180518C00215000
1525,AAPL  180518P00205000
1526,AAPL  180518P00215000
1527,AAPL  181116C00260000
1528,AAPL  181116P00260000
1529,AAPL  190621C00095000
1530,AAPL  190621P00095000
1531,AAPL  200619C00090000
1532,AAPL  200619C00095000
1533,AAPL  200619P00090000
1534,AAPL  200619P00095000
1535,AAPL  180316C00146000
1536,AAPL  180316C00147000
1537,AAPL  180316C00148000
1538,AAPL  180316C00149000
1539,AAPL  180316P00146000
1540,AAPL  180316P00147000
1541,AAPL  180316P00148000
1542,AAPL  180316P00149000
1543,AAPL  180406C00135000
1544,AAPL  180406C00140000
1545,AAPL  180406P00135000
1546,AAPL  180406P00140000
1547,AAPL  180413C00135000
1548,AAPL  180413C00140000
1549,AAPL  180413P00135000
1550,AAPL  180413P00140000
1551,AAPL  181116C00095000
1552,AAPL  181116P00095000
1553,AAPL  190621C00090000
1554,AAPL  190621P00090000
1555,AAPL  180413C00146000
1556,AAPL  180413C00147000
1557,AAPL  180413P00146000
1558,AAPL  180413P00147000
1559,AAPL  180427C00146000
1560,AAPL  180427C00147000
1561,AAPL  180427C00148000
1562,AAPL  180427C00149000
1563,AAPL  180427C00150000
1564,AAPL  180427C00152500
1565,AAPL  180427C00155000
1566,AAPL  180427C00157500
1567,AAPL  180427C00160000
1568,AAPL  180427C00162500
1569,AAPL  180427C00165000
1570,AAPL  180427C00167500
1571,AAPL  180427C00170000
1572,AAPL  180427C00172500
1573,AAPL  180427C00175000
1574,AAPL  180427C00177500
1575,AAPL  180427C00180000
1576,AAPL  180427C00182500
1577,AAPL  180427C00185000
1578,AAPL  180427C00187500
1579,AAPL  180427C00190000
1580,AAPL  180427C00192500
1581,AAPL  180427C00195000
1582,AAPL  180427C00197500
1583,AAPL  180427C00200000
1584,AAPL  180427C00202500
1585,AAPL  180427C00205000
1586,AAPL  180427C00207500
1587,AAPL  180427C00210000
1588,AAPL  180427P00146000
1589,AAPL  180427P00147000
1590,AAPL  180427P00148000
1591,AAPL  180427P00149000
1592,AAPL  180427P00150000
1593,AAPL  180427P00152500
1594,AAPL  180427P00155000
1595,AAPL  180427P00157500
1596,AAPL  180427P00160000
1597,AAPL  180427P00162500
1598,AAPL  180427P00165000
1599,AAPL  180427P00167500
1600,AAPL  180427P00170000
1601,AAPL  180427P00172500
1602,AAPL  180427P00175000
1603,AAPL  180427P00177500
1604,AAPL  180427P00180000
1605,AAPL  180427P00182500
1606,AAPL  180427P00185000
1607,AAPL  180427P00187500
1608,AAPL  180427P00190000
1609,AAPL  180427P00192500
1610,AAPL  180427P00195000
1611,AAPL  180427P00197500
1612,AAPL  180427P00200000
1613,AAPL  180427P00202500
1614,AAPL  180427P00205000
1615,AAPL  180427P00207500
1616,AAPL  180427P00210000
1617,BABA  180316C00100000
1618,BABA  190118C00100000
1619,BABA  190118C00105000
1620,BABA  190118C00110000
1621,BABA  190118C00115000
1622,BABA  190118C00120000
1623,BABA  190118C00125000
1624,BABA  190118C00130000
1625,BABA  190118C00135000
1626,BABA  190118C00140000
1627,BABA  190118C00145000
1628,BABA  190118C00150000
1629,BABA  190118C00075000
1630,BABA  190118C00080000
1631,BABA  190118C00085000
1632,BABA  190118C00090000
1633,BABA  190118C00095000
1634,BABA  190118C00097500
1635,BABA  190118P00100000
1636,BABA  190118P00105000
1637,BABA  190118P00110000
1638,BABA  190118P00115000
1639,BABA  190118P00120000
1640,BABA  190118P00125000
1641,BABA  190118P00130000
1642,BABA  190118P00135000
1643,BABA  190118P00140000
1644,BABA  190118P00145000
1645,BABA  190118P00150000
1646,BABA  190118P00075000
1647,BABA  190118P00080000
1648,BABA  190118P00085000
1649,BABA  190118P00090000
1650,BABA  190118P00095000
1651,BABA  190118P00097500
1652,BABA  190118C00050000
1653,BABA  190118C00055000
1654,BABA  190118C00060000
1655,BABA  190118C00065000
1656,BABA  190118C00070000
1657,BABA  190118C00092500
1658,BABA  190118P00050000
1659,BABA  190118P00055000
1660,BABA  190118P00060000
1661,BABA  190118P00065000
1662,BABA  190118P00070000
1663,BABA  190118P00092500
1664,BABA  190118C00155000
1665,BABA  190118C00160000
1666,BABA  190118P00155000
1667,BABA  190118P00160000
1668,BABA  190118C00047500
1669,BABA  190118C00087500
1670,BABA  190118P00047500
1671,BABA  190118P00087500
1672,BABA  190118C00082500
1673,BABA  190118P00082500
1674,BABA  190118C00045000
1675,BABA  190118P00045000
1676,BABA  190118C00165000
1677,BABA  190118P00165000
1678,BABA  190118C00170000
1679,BABA  190118P00170000
1680,BABA  190118C00175000
1681,BABA  190118P00175000
1682,BABA  190118C00180000
1683,BABA  190118P00180000
1684,BABA  190118C00185000
1685,BABA  190118P00185000
1686,BABA  190118C00190000
1687,BABA  190118C00195000
1688,BABA  190118C00200000
1689,BABA  190118P00190000
1690,BABA  190118P00195000
1691,BABA  190118P00200000
1692,BABA  190118C00210000
1693,BABA  190118C00220000
1694,BABA  190118P00210000
1695,BABA  190118P00220000
1696,BABA  180615C00100000
1697,BABA  180615C00105000
1698,BABA  180615C00110000
1699,BABA  180615C00115000
1700,BABA  180615C00120000
1701,BABA  180615C00125000
1702,BABA  180615C00130000
1703,BABA  180615C00135000
1704,BABA  180615C00140000
1705,BABA  180615C00145000
1706,BABA  180615C00150000
1707,BABA  180615C00155000
1708,BABA  180615C00160000
1709,BABA  180615C00165000
1710,BABA  180615C00170000
1711,BABA  180615C00175000
1712,BABA  180615C00180000
1713,BABA  180615C00185000
1714,BABA  180615C00190000
1715,BABA  180615C00195000
1716,BABA  180615C00200000
1717,BABA  180615C00090000
1718,BABA  180615C00095000
1719,BABA  180615P00100000
1720,BABA  180615P00105000
1721,BABA  180615P00110000
1722,BABA  180615P00115000
1723,BABA  180615P00120000
1724,BABA  180615P00125000
1725,BABA  180615P00130000
1726,BABA  180615P00135000
1727,BABA  180615P00140000
1728,BABA  180615P00145000
1729,BABA  180615P00150000
1730,BABA  180615P00155000
1731,BABA  180615P00160000
1732,BABA  180615P00165000
1733,BABA  180615P00170000
1734,BABA  180615P00175000
1735,BABA  180615P00180000
1736,BABA  180615P00185000
1737,BABA  180615P00190000
1738,BABA  180615P00195000
1739,BABA  180615P00200000
1740,BABA  180615P00090000
1741,BABA  180615P00095000
1742,BABA  180615C00210000
1743,BABA  180615C00080000
1744,BABA  180615C00085000
1745,BABA  180615P00210000
1746,BABA  180615P00080000
1747,BABA  180615P00085000
1748,BABA  180615C00075000
1749,BABA  180615P00075000
1750,BABA  180615C00220000
1751,BABA  180615P00220000
1752,BABA  190621C00100000
1753,BABA  190621C00105000
1754,BABA  190621C00110000
1755,BABA  190621C00115000
1756,BABA  190621C00120000
1757,BABA  190621C00125000
1758,BABA  190621C00130000
1759,BABA  190621C00135000
1760,BABA  190621C00140000
1761,BABA  190621C00145000
1762,BABA  190621C00150000
1763,BABA  190621C00155000
1764,BABA  190621C00160000
1765,BABA  190621C00165000
1766,BABA  190621C00170000
1767,BABA  190621C00175000
1768,BABA  190621C00180000
1769,BABA  190621C00185000
1770,BABA  190621C00190000
1771,BABA  190621C00195000
1772,BABA  190621C00200000
1773,BABA  190621C00210000
1774,BABA  190621C00220000
1775,BABA  190621P00100000
1776,BABA  190621P00105000
1777,BABA  190621P00110000
1778,BABA  190621P00115000
1779,BABA  190621P00120000
1780,BABA  190621P00125000
1781,BABA  190621P00130000
1782,BABA  190621P00135000
1783,BABA  190621P00140000
1784,BABA  190621P00145000
1785,BABA  190621P00150000
1786,BABA  190621P00155000
1787,BABA  190621P00160000
1788,BABA  190621P00165000
1789,BABA  190621P00170000
1790,BABA  190621P00175000
1791,BABA  190621P00180000
1792,BABA  190621P00185000
1793,BABA  190621P00190000
1794,BABA  190621P00195000
1795,BABA  190621P00200000
1796,BABA  190621P00210000
1797,BABA  190621P00220000
1798,BABA  180615C00230000
1799,BABA  180615P00230000
1800,BABA  190118C00230000
1801,BABA  190118P00230000
1802,BABA  190621C00230000
1803,BABA  190621C00080000
1804,BABA  190621C00085000
1805,BABA  190621C00090000
1806,BABA  190621C00095000
1807,BABA  190621P00230000
1808,BABA  190621P00080000
1809,BABA  190621P00085000
1810,BABA  190621P00090000
1811,BABA  190621P00095000
1812,BABA  190621C00045000
1813,BABA  190621C00050000
1814,BABA  190621C00055000
1815,BABA  190621C00060000
1816,BABA  190621C00065000
1817,BABA  190621C00070000
1818,BABA  190621C00075000
1819,BABA  190621P00045000
1820,BABA  190621P00050000
1821,BABA  190621P00055000
1822,BABA  190621P00060000
1823,BABA  190621P00065000
1824,BABA  190621P00070000
1825,BABA  190621P00075000
1826,BABA  180615C00240000
1827,BABA  180615C00250000
1828,BABA  180615P00240000
1829,BABA  180615P00250000
1830,BABA  190118C00240000
1831,BABA  190118C00250000
1832,BABA  190118P00240000
1833,BABA  190118P00250000
1834,BABA  190621C00240000
1835,BABA  190621C00250000
1836,BABA  190621P00240000
1837,BABA  190621P00250000
1838,BABA  180420C00120000
1839,BABA  180420C00125000
1840,BABA  180420C00130000
1841,BABA  180420C00135000
1842,BABA  180420C00140000
1843,BABA  180420C00145000
1844,BABA  180420C00150000
1845,BABA  180420C00155000
1846,BABA  180420C00160000
1847,BABA  180420C00165000
1848,BABA  180420C00170000
1849,BABA  180420C00175000
1850,BABA  180420C00180000
1851,BABA  180420C00185000
1852,BABA  180420C00190000
1853,BABA  180420C00195000
1854,BABA  180420C00200000
1855,BABA  180420C00210000
1856,BABA  180420C00220000
1857,BABA  180420P00120000
1858,BABA  180420P00125000
1859,BABA  180420P00130000
1860,BABA  180420P00135000
1861,BABA  180420P00140000
1862,BABA  180420P00145000
1863,BABA  180420P00150000
1864,BABA  180420P00155000
1865,BABA  180420P00160000
1866,BABA  180420P00165000
1867,BABA  180420P00170000
1868,BABA  180420P00175000
1869,BABA  180420P00180000
1870,BABA  180420P00185000
1871,BABA  180420P00190000
1872,BABA  180420P00195000
1873,BABA  180420P00200000
1874,BABA  180420P00210000
1875,BABA  180420P00220000
1876,BABA  180420C00105000
1877,BABA  180420C00110000
1878,BABA  180420C00115000
1879,BABA  180420C00230000
1880,BABA  180420C00240000
1881,BABA  180420C00250000
1882,BABA  180420P00105000
1883,BABA  180420P00110000
1884,BABA  180420P00115000
1885,BABA  180420P00230000
1886,BABA  180420P00240000
1887,BABA  180420P00250000
1888,BABA  190118C00260000
1889,BABA  190118P00260000
1890,BABA  190621C00260000
1891,BABA  190621P00260000
1892,BABA  200117C00125000
1893,BABA  200117C00130000
1894,BABA  200117C00135000
1895,BABA  200117C00140000
1896,BABA  200117C00145000
1897,BABA  200117C00150000
1898,BABA  200117C00155000
1899,BABA  200117C00160000
1900,BABA  200117C00165000
1901,BABA  200117C00170000
1902,BABA  200117C00175000
1903,BABA  200117C00180000
1904,BABA  200117C00185000
1905,BABA  200117C00190000
1906,BABA  200117C00195000
1907,BABA  200117C00200000
1908,BABA  200117C00210000
1909,BABA  200117C00220000
1910,BABA  200117C00230000
1911,BABA  200117P00125000
1912,BABA  200117P00130000
1913,BABA  200117P00135000
1914,BABA  200117P00140000
1915,BABA  200117P00145000
1916,BABA  200117P00150000
1917,BABA  200117P00155000
1918,BABA  200117P00160000
1919,BABA  200117P00165000
1920,BABA  200117P00170000
1921,BABA  200117P00175000
1922,BABA  200117P00180000
1923,BABA  200117P00185000
1924,BABA  200117P00190000
1925,BABA  200117P00195000
1926,BABA  200117P00200000
1927,BABA  200117P00210000
1928,BABA  200117P00220000
1929,BABA  200117P00230000
1930,BABA  180615C00260000
1931,BABA  180615P00260000
1932,BABA  200117C00100000
1933,BABA  200117C00105000
1934,BABA  200117C00110000
1935,BABA  200117C00115000
1936,BABA  200117C00120000
1937,BABA  200117C00240000
1938,BABA  200117C00250000
1939,BABA  200117C00260000
1940,BABA  200117C00090000
1941,BABA  200117C00095000
1942,BABA  200117P00100000
1943,BABA  200117P00105000
1944,BABA  200117P00110000
1945,BABA  200117P00115000
1946,BABA  200117P00120000
1947,BABA  200117P00240000
1948,BABA  200117P00250000
1949,BABA  200117P00260000
1950,BABA  200117P00090000
1951,BABA  200117P00095000
1952,BABA  180420C00260000
1953,BABA  180420P00260000
1954,BABA  200117C00085000
1955,BABA  200117P00085000
1956,BABA  180615C00270000
1957,BABA  180615P00270000
1958,BABA  190118C00270000
1959,BABA  190118P00270000
1960,BABA  190621C00270000
1961,BABA  190621P00270000
1962,BABA  200117C00270000
1963,BABA  200117P00270000
1964,BABA  180615C00280000
1965,BABA  180615P00280000
1966,BABA  190118C00280000
1967,BABA  190118P00280000
1968,BABA  190621C00280000
1969,BABA  190621P00280000
1970,BABA  200117C00280000
1971,BABA  200117P00280000
1972,BABA  180720C00140000
1973,BABA  180720C00145000
1974,BABA  180720C00150000
1975,BABA  180720C00155000
1976,BABA  180720C00160000
1977,BABA  180720C00165000
1978,BABA  180720C00170000
1979,BABA  180720C00175000
1980,BABA  180720C00180000
1981,BABA  180720C00185000
1982,BABA  180720C00190000
1983,BABA  180720C00195000
1984,BABA  180720C00200000
1985,BABA  180720C00210000
1986,BABA  180720C00220000
1987,BABA  180720C00230000
1988,BABA  180720C00240000
1989,BABA  180720C00250000
1990,BABA  180720C00260000
1991,BABA  180720P00140000
1992,BABA  180720P00145000
1993,BABA  180720P00150000
1994,BABA  180720P00155000
1995,BABA  180720P00160000
1996,BABA  180720P00165000
1997,BABA  180720P00170000
1998,BABA  180720P00175000
1999,BABA  180720P00180000
2000,BABA  180720P00185000
2001,BABA  180720P00190000
2002,BABA  180720P00195000
2003,BABA  180720P00200000
2004,BABA  180720P00210000
2005,BABA  180720P00220000
2006,BABA  180720P00230000
2007,BABA  180720P00240000
2008,BABA  180720P00250000
2009,BABA  180720P00260000
2010,BABA  180720C00105000
2011,BABA  180720C00110000
2012,BABA  180720C00115000
2013,BABA  180720C00120000
2014,BABA  180720C00125000
2015,BABA  180720C00130000
2016,BABA  180720C00135000
2017,BABA  180720C00270000
2018,BABA  180720C00280000
2019,BABA  180720P00105000
2020,BABA  180720P00110000
2021,BABA  180720P00115000
2022,BABA  180720P00120000
2023,BABA  180720P00125000
2024,BABA  180720P00130000
2025,BABA  180720P00135000
2026,BABA  180720P00270000
2027,BABA  180720P00280000
2028,BABA  200117C00050000
2029,BABA  200117C00060000
2030,BABA  200117C00070000
2031,BABA  200117C00080000
2032,BABA  200117P00050000
2033,BABA  200117P00060000
2034,BABA  200117P00070000
2035,BABA  200117P00080000
2036,BABA  180720C00100000
2037,BABA  180720C00090000
2038,BABA  180720C00095000
2039,BABA  180720P00100000
2040,BABA  180720P00090000
2041,BABA  180720P00095000
2042,BABA  190118C00290000
2043,BABA  190118C00300000
2044,BABA  190118C00310000
2045,BABA  190118C00320000
2046,BABA  190118C00330000
2047,BABA  190118C00340000
2048,BABA  190118C00350000
2049,BABA  190118C00360000
2050,BABA  190118P00290000
2051,BABA  190118P00300000
2052,BABA  190118P00310000
2053,BABA  190118P00320000
2054,BABA  190118P00330000
2055,BABA  190118P00340000
2056,BABA  190118P00350000
2057,BABA  190118P00360000
2058,BABA  200117C00290000
2059,BABA  200117C00300000
2060,BABA  200117C00310000
2061,BABA  200117C00320000
2062,BABA  200117C00330000
2063,BABA  200117C00340000
2064,BABA  200117C00350000
2065,BABA  200117C00360000
2066,BABA  200117P00290000
2067,BABA  200117P00300000
2068,BABA  200117P00310000
2069,BABA  200117P00320000
2070,BABA  200117P00330000
2071,BABA  200117P00340000
2072,BABA  200117P00350000
2073,BABA  200117P00360000
2074,BABA  180316C00140000
2075,BABA  180316C00145000
2076,BABA  180316C00150000
2077,BABA  180316C00155000
2078,BABA  180316C00160000
2079,BABA  180316C00165000
2080,BABA  180316C00170000
2081,BABA  180316C00175000
2082,BABA  180316C00180000
2083,BABA  180316C00185000
2084,BABA  180316C00190000
2085,BABA  180316C00195000
2086,BABA  180316C00200000
2087,BABA  180316C00210000
2088,BABA  180316C00220000
2089,BABA  180316C00230000
2090,BABA  180316C00240000
2091,BABA  180316C00250000
2092,BABA  180316C00260000
2093,BABA  180316P00140000
2094,BABA  180316P00145000
2095,BABA  180316P00150000
2096,BABA  180316P00155000
2097,BABA  180316P00160000
2098,BABA  180316P00165000
2099,BABA  180316P00170000
2100,BABA  180316P00175000
2101,BABA  180316P00180000
2102,BABA  180316P00185000
2103,BABA  180316P00190000
2104,BABA  180316P00195000
2105,BABA  180316P00200000
2106,BABA  180316P00210000
2107,BABA  180316P00220000
2108,BABA  180316P00230000
2109,BABA  180316P00240000
2110,BABA  180316P00250000
2111,BABA  180316P00260000
2112,BABA  180420C00270000
2113,BABA  180420P00270000
2114,BABA  180615C00290000
2115,BABA  180615P00290000
2116,BABA  180720C00290000
2117,BABA  180720P00290000
2118,BABA  190621C00290000
2119,BABA  190621C00300000
2120,BABA  190621P00290000
2121,BABA  190621P00300000
2122,BABA  180316C00270000
2123,BABA  180316C00280000
2124,BABA  180316C00290000
2125,BABA  180316C00300000
2126,BABA  180316P00270000
2127,BABA  180316P00280000
2128,BABA  180316P00290000
2129,BABA  180316P00300000
2130,BABA  180323C00170000
2131,BABA  180323C00172500
2132,BABA  180323C00175000
2133,BABA  180323C00177500
2134,BABA  180323C00180000
2135,BABA  180323C00182500
2136,BABA  180323C00185000
2137,BABA  180323C00187500
2138,BABA  180323C00190000
2139,BABA  180323C00192500
2140,BABA  180323C00195000
2141,BABA  180323C00197500
2142,BABA  180323C00200000
2143,BABA  180323C00202500
2144,BABA  180323C00205000
2145,BABA  180323C00207500
2146,BABA  180323C00210000
2147,BABA  180323C00212500
2148,BABA  180323C00215000
2149,BABA  180323C00217500
2150,BABA  180323C00220000
2151,BABA  180323C00222500
2152,BABA  180323C00225000
2153,BABA  180323C00227500
2154,BABA  180323C00230000
2155,BABA  180323C00232500
2156,BABA  180323C00235000
2157,BABA  180323C00237500
2158,BABA  180323C00240000
2159,BABA  180323P00170000
2160,BABA  180323P00172500
2161,BABA  180323P00175000
2162,BABA  180323P00177500
2163,BABA  180323P00180000
2164,BABA  180323P00182500
2165,BABA  180323P00185000
2166,BABA  180323P00187500
2167,BABA  180323P00190000
2168,BABA  180323P00192500
2169,BABA  180323P00195000
2170,BABA  180323P00197500
2171,BABA  180323P00200000
2172,BABA  180323P00202500
2173,BABA  180323P00205000
2174,BABA  180323P00207500
2175,BABA  180323P00210000
2176,BABA  180323P00212500
2177,BABA  180323P00215000
2178,BABA  180323P00217500
2179,BABA  180323P00220000
2180,BABA  180323P00222500
2181,BABA  180323P00225000
2182,BABA  180323P00227500
2183,BABA  180323P00230000
2184,BABA  180323P00232500
2185,BABA  180323P00235000
2186,BABA  180323P00237500
2187,BABA  180323P00240000
2188,BABA  180316C00120000
2189,BABA  180316C00125000
2190,BABA  180316C00130000
2191,BABA  180316C00135000
2192,BABA  180316P00120000
2193,BABA  180316P00125000
2194,BABA  180316P00130000
2195,BABA  180316P00135000
2196,BABA  180323C00150000
2197,BABA  180323C00155000
2198,BABA  180323C00160000
2199,BABA  180323C00165000
2200,BABA  180323C00245000
2201,BABA  180323C00250000
2202,BABA  180323P00150000
2203,BABA  180323P00155000
2204,BABA  180323P00160000
2205,BABA  180323P00165000
2206,BABA  180323P00245000
2207,BABA  180323P00250000
2208,BABA  180323C00149000
2209,BABA  180323C00152500
2210,BABA  180323C00157500
2211,BABA  180323C00162500
2212,BABA  180323C00167500
2213,BABA  180323P00149000
2214,BABA  180323P00152500
2215,BABA  180323P00157500
2216,BABA  180323P00162500
2217,BABA  180323P00167500
2218,BABA  180329C00149000
2219,BABA  180329C00150000
2220,BABA  180329C00152500
2221,BABA  180329C00155000
2222,BABA  180329C00157500
2223,BABA  180329C00160000
2224,BABA  180329C00162500
2225,BABA  180329C00165000
2226,BABA  180329C00167500
2227,BABA  180329C00170000
2228,BABA  180329C00172500
2229,BABA  180329C00175000
2230,BABA  180329C00177500
2231,BABA  180329C00180000
2232,BABA  180329C00182500
2233,BABA  180329C00185000
2234,BABA  180329C00187500
2235,BABA  180329C00190000
2236,BABA  180329C00192500
2237,BABA  180329C00195000
2238,BABA  180329C00197500
2239,BABA  180329C00200000
2240,BABA  180329C00202500
2241,BABA  180329C00205000
2242,BABA  180329C00207500
2243,BABA  180329C00210000
2244,BABA  180329C00212500
2245,BABA  180329C00215000
2246,BABA  180329C00217500
2247,BABA  180329P00149000
2248,BABA  180329P00150000
2249,BABA  180329P00152500
2250,BABA  180329P00155000
2251,BABA  180329P00157500
2252,BABA  180329P00160000
2253,BABA  180329P00162500
2254,BABA  180329P00165000
2255,BABA  180329P00167500
2256,BABA  180329P00170000
2257,BABA  180329P00172500
2258,BABA  180329P00175000
2259,BABA  180329P00177500
2260,BABA  180329P00180000
2261,BABA  180329P00182500
2262,BABA  180329P00185000
2263,BABA  180329P00187500
2264,BABA  180329P00190000
2265,BABA  180329P00192500
2266,BABA  180329P00195000
2267,BABA  180329P00197500
2268,BABA  180329P00200000
2269,BABA  180329P00202500
2270,BABA  180329P00205000
2271,BABA  180329P00207500
2272,BABA  180329P00210000
2273,BABA  180329P00212500
2274,BABA  180329P00215000
2275,BABA  180329P00217500
2276,BABA  180323C00125000
2277,BABA  180323C00130000
2278,BABA  180323C00135000
2279,BABA  180323C00140000
2280,BABA  180323C00145000
2281,BABA  180323C00146000
2282,BABA  180323C00147000
2283,BABA  180323C00148000
2284,BABA  180323P00125000
2285,BABA  180323P00130000
2286,BABA  180323P00135000
2287,BABA  180323P00140000
2288,BABA  180323P00145000
2289,BABA  180323P00146000
2290,BABA  180323P00147000
2291,BABA  180323P00148000
2292,BABA  180329C00125000
2293,BABA  180329C00130000
2294,BABA  180329C00135000
2295,BABA  180329C00140000
2296,BABA  180329C00145000
2297,BABA  180329C00220000
2298,BABA  180329C00225000
2299,BABA  180329P00125000
2300,BABA  180329P00130000
2301,BABA  180329P00135000
2302,BABA  180329P00140000
2303,BABA  180329P00145000
2304,BABA  180329P00220000
2305,BABA  180329P00225000
2306,BABA  180316C00105000
2307,BABA  180316C00110000
2308,BABA  180316C00115000
2309,BABA  180316P00100000
2310,BABA  180316P00105000
2311,BABA  180316P00110000
2312,BABA  180316P00115000
2313,BABA  180323C00120000
2314,BABA  180323P00120000
2315,BABA  180329C00120000
2316,BABA  180329P00120000
2317,BABA  180329C00230000
2318,BABA  180329C00235000
2319,BABA  180329P00230000
2320,BABA  180329P00235000
2321,BABA  180316C00157500
2322,BABA  180316C00162500
2323,BABA  180316C00167500
2324,BABA  180316C00172500
2325,BABA  180316C00177500
2326,BABA  180316C00182500
2327,BABA  180316C00187500
2328,BABA  180316C00192500
2329,BABA  180316C00197500
2330,BABA  180316C00202500
2331,BABA  180316C00205000
2332,BABA  180316C00207500
2333,BABA  180316C00212500
2334,BABA  180316C00215000
2335,BABA  180316C00217500
2336,BABA  180316C00225000
2337,BABA  180316C00235000
2338,BABA  180316P00157500
2339,BABA  180316P00162500
2340,BABA  180316P00167500
2341,BABA  180316P00172500
2342,BABA  180316P00177500
2343,BABA  180316P00182500
2344,BABA  180316P00187500
2345,BABA  180316P00192500
2346,BABA  180316P00197500
2347,BABA  180316P00202500
2348,BABA  180316P00205000
2349,BABA  180316P00207500
2350,BABA  180316P00212500
2351,BABA  180316P00215000
2352,BABA  180316P00217500
2353,BABA  180316P00225000
2354,BABA  180316P00235000
2355,BABA  181019C00145000
2356,BABA  181019C00150000
2357,BABA  181019C00155000
2358,BABA  181019C00160000
2359,BABA  181019C00165000
2360,BABA  181019C00170000
2361,BABA  181019C00175000
2362,BABA  181019C00180000
2363,BABA  181019C00185000
2364,BABA  181019C00190000
2365,BABA  181019C00195000
2366,BABA  181019C00200000
2367,BABA  181019C00210000
2368,BABA  181019C00220000
2369,BABA  181019C00230000
2370,BABA  181019C00240000
2371,BABA  181019C00250000
2372,BABA  181019C00260000
2373,BABA  181019C00270000
2374,BABA  181019P00145000
2375,BABA  181019P00150000
2376,BABA  181019P00155000
2377,BABA  181019P00160000
2378,BABA  181019P00165000
2379,BABA  181019P00170000
2380,BABA  181019P00175000
2381,BABA  181019P00180000
2382,BABA  181019P00185000
2383,BABA  181019P00190000
2384,BABA  181019P00195000
2385,BABA  181019P00200000
2386,BABA  181019P00210000
2387,BABA  181019P00220000
2388,BABA  181019P00230000
2389,BABA  181019P00240000
2390,BABA  181019P00250000
2391,BABA  181019P00260000
2392,BABA  181019P00270000
2393,BABA  180518C00145000
2394,BABA  180518C00150000
2395,BABA  180518C00155000
2396,BABA  180518C00160000
2397,BABA  180518C00165000
2398,BABA  180518C00170000
2399,BABA  180518C00175000
2400,BABA  180518C00180000
2401,BABA  180518C00185000
2402,BABA  180518C00190000
2403,BABA  180518C00195000
2404,BABA  180518C00200000
2405,BABA  180518C00210000
2406,BABA  180518C00220000
2407,BABA  180518C00230000
2408,BABA  180518C00240000
2409,BABA  180518P00145000
2410,BABA  180518P00150000
2411,BABA  180518P00155000
2412,BABA  180518P00160000
2413,BABA  180518P00165000
2414,BABA  180518P00170000
2415,BABA  180518P00175000
2416,BABA  180518P00180000
2417,BABA  180518P00185000
2418,BABA  180518P00190000
2419,BABA  180518P00195000
2420,BABA  180518P00200000
2421,BABA  180518P00210000
2422,BABA  180518P00220000
2423,BABA  180518P00230000
2424,BABA  180518P00240000
2425,BABA  181019C00110000
2426,BABA  181019C00115000
2427,BABA  181019C00120000
2428,BABA  181019C00125000
2429,BABA  181019C00130000
2430,BABA  181019C00135000
2431,BABA  181019C00140000
2432,BABA  181019P00110000
2433,BABA  181019P00115000
2434,BABA  181019P00120000
2435,BABA  181019P00125000
2436,BABA  181019P00130000
2437,BABA  181019P00135000
2438,BABA  181019P00140000
2439,BABA  180406C00157500
2440,BABA  180406C00160000
2441,BABA  180406C00162500
2442,BABA  180406C00165000
2443,BABA  180406C00167500
2444,BABA  180406C00170000
2445,BABA  180406C00172500
2446,BABA  180406C00175000
2447,BABA  180406C00177500
2448,BABA  180406C00180000
2449,BABA  180406C00182500
2450,BABA  180406C00185000
2451,BABA  180406C00187500
2452,BABA  180406C00190000
2453,BABA  180406C00192500
2454,BABA  180406C00195000
2455,BABA  180406C00197500
2456,BABA  180406C00200000
2457,BABA  180406C00202500
2458,BABA  180406C00205000
2459,BABA  180406C00207500
2460,BABA  180406C00210000
2461,BABA  180406C00212500
2462,BABA  180406C00215000
2463,BABA  180406C00217500
2464,BABA  180406C00220000
2465,BABA  180406C00222500
2466,BABA  180406C00225000
2467,BABA  180406C00227500
2468,BABA  180406P00157500
2469,BABA  180406P00160000
2470,BABA  180406P00162500
2471,BABA  180406P00165000
2472,BABA  180406P00167500
2473,BABA  180406P00170000
2474,BABA  180406P00172500
2475,BABA  180406P00175000
2476,BABA  180406P00177500
2477,BABA  180406P00180000
2478,BABA  180406P00182500
2479,BABA  180406P00185000
2480,BABA  180406P00187500
2481,BABA  180406P00190000
2482,BABA  180406P00192500
2483,BABA  180406P00195000
2484,BABA  180406P00197500
2485,BABA  180406P00200000
2486,BABA  180406P00202500
2487,BABA  180406P00205000
2488,BABA  180406P00207500
2489,BABA  180406P00210000
2490,BABA  180406P00212500
2491,BABA  180406P00215000
2492,BABA  180406P00217500
2493,BABA  180406P00220000
2494,BABA  180406P00222500
2495,BABA  180406P00225000
2496,BABA  180406P00227500
2497,BABA  180420C00100000
2498,BABA  180420C00050000
2499,BABA  180420C00060000
2500,BABA  180420C00070000
2501,BABA  180420C00080000
2502,BABA  180420C00090000
2503,BABA  180420P00100000
2504,BABA  180420P00050000
2505,BABA  180420P00060000
2506,BABA  180420P00070000
2507,BABA  180420P00080000
2508,BABA  180420P00090000
2509,BABA  180518C00100000
2510,BABA  180518C00110000
2511,BABA  180518C00050000
2512,BABA  180518C00060000
2513,BABA  180518C00070000
2514,BABA  180518C00080000
2515,BABA  180518C00090000
2516,BABA  180518P00100000
2517,BABA  180518P00110000
2518,BABA  180518P00050000
2519,BABA  180518P00060000
2520,BABA  180518P00070000
2521,BABA  180518P00080000
2522,BABA  180518P00090000
2523,BABA  180615C00050000
2524,BABA  180615C00060000
2525,BABA  180615C00070000
2526,BABA  180615P00050000
2527,BABA  180615P00060000
2528,BABA  180615P00070000
2529,BABA  180720C00050000
2530,BABA  180720C00060000
2531,BABA  180720C00070000
2532,BABA  180720C00080000
2533,BABA  180720P00050000
2534,BABA  180720P00060000
2535,BABA  180720P00070000
2536,BABA  180720P00080000
2537,BABA  181019C00100000
2538,BABA  181019C00050000
2539,BABA  181019C00060000
2540,BABA  181019C00070000
2541,BABA  181019C00080000
2542,BABA  181019C00090000
2543,BABA  181019P00100000
2544,BABA  181019P00050000
2545,BABA  181019P00060000
2546,BABA  181019P00070000
2547,BABA  181019P00080000
2548,BABA  181019P00090000
2549,BABA  180406C00150000
2550,BABA  180406C00152500
2551,BABA  180406C00155000
2552,BABA  180406P00150000
2553,BABA  180406P00152500
2554,BABA  180406P00155000
2555,BABA  180413C00150000
2556,BABA  180413C00152500
2557,BABA  180413C00155000
2558,BABA  180413C00157500
2559,BABA  180413C00160000
2560,BABA  180413C00162500
2561,BABA  180413C00165000
2562,BABA  180413C00167500
2563,BABA  180413C00170000
2564,BABA  180413C00172500
2565,BABA  180413C00175000
2566,BABA  180413C00177500
2567,BABA  180413C00180000
2568,BABA  180413C00182500
2569,BABA  180413C00185000
2570,BABA  180413C00187500
2571,BABA  180413C00190000
2572,BABA  180413C00192500
2573,BABA  180413C00195000
2574,BABA  180413C00197500
2575,BABA  180413C00200000
2576,BABA  180413C00202500
2577,BABA  180413C00205000
2578,BABA  180413C00207500
2579,BABA  180413C00210000
2580,BABA  180413C00212500
2581,BABA  180413C00215000
2582,BABA  180413C00217500
2583,BABA  180413C00220000
2584,BABA  180413P00150000
2585,BABA  180413P00152500
2586,BABA  180413P00155000
2587,BABA  180413P00157500
2588,BABA  180413P00160000
2589,BABA  180413P00162500
2590,BABA  180413P00165000
2591,BABA  180413P00167500
2592,BABA  180413P00170000
2593,BABA  180413P00172500
2594,BABA  180413P00175000
2595,BABA  180413P00177500
2596,BABA  180413P00180000
2597,BABA  180413P00182500
2598,BABA  180413P00185000
2599,BABA  180413P00187500
2600,BABA  180413P00190000
2601,BABA  180413P00192500
2602,BABA  180413P00195000
2603,BABA  180413P00197500
2604,BABA  180413P00200000
2605,BABA  180413P00202500
2606,BABA  180413P00205000
2607,BABA  180413P00207500
2608,BABA  180413P00210000
2609,BABA  180413P00212500
2610,BABA  180413P00215000
2611,BABA  180413P00217500
2612,BABA  180413P00220000
2613,BABA  180316C00146000
2614,BABA  180316C00147000
2615,BABA  180316C00148000
2616,BABA  180316C00149000
2617,BABA  180316C00152500
2618,BABA  180316P00146000
2619,BABA  180316P00147000
2620,BABA  180316P00148000
2621,BABA  180316P00149000
2622,BABA  180316P00152500
2623,BABA  180406C00135000
2624,BABA  180406C00140000
2625,BABA  180406C00145000
2626,BABA  180406P00135000
2627,BABA  180406P00140000
2628,BABA  180406P00145000
2629,BABA  180413C00135000
2630,BABA  180413C00140000
2631,BABA  180413C00145000
2632,BABA  180413C00225000
2633,BABA  180413P00135000
2634,BABA  180413P00140000
2635,BABA  180413P00145000
2636,BABA  180413P00225000
2637,BABA  180518C00115000
2638,BABA  180518C00120000
2639,BABA  180518C00125000
2640,BABA  180518C00130000
2641,BABA  180518C00135000
2642,BABA  180518C00140000
2643,BABA  180518P00115000
2644,BABA  180518P00120000
2645,BABA  180518P00125000
2646,BABA  180518P00130000
2647,BABA  180518P00135000
2648,BABA  180518P00140000
2649,BABA  181019C00105000
2650,BABA  181019C00095000
2651,BABA  181019P00105000
2652,BABA  181019P00095000
2653,BABA  180413C00222500
2654,BABA  180413P00222500
2655,BABA  180427C00152500
2656,BABA  180427C00155000
2657,BABA  180427C00157500
2658,BABA  180427C00160000
2659,BABA  180427C00162500
2660,BABA  180427C00165000
2661,BABA  180427C00167500
2662,BABA  180427C00170000
2663,BABA  180427C00172500
2664,BABA  180427C00175000
2665,BABA  180427C00177500
2666,BABA  180427C00180000
2667,BABA  180427C00182500
2668,BABA  180427C00185000
2669,BABA  180427C00187500
2670,BABA  180427C00190000
2671,BABA  180427C00192500
2672,BABA  180427C00195000
2673,BABA  180427C00197500
2674,BABA  180427C00200000
2675,BABA  180427C00202500
2676,BABA  180427C00205000
2677,BABA  180427C00207500
2678,BABA  180427C00210000
2679,BABA  180427C00212500
2680,BABA  180427C00215000
2681,BABA  180427C00217500
2682,BABA  180427C00220000
2683,BABA  180427C00222500
2684,BABA  180427P00152500
2685,BABA  180427P00155000
2686,BABA  180427P00157500
2687,BABA  180427P00160000
2688,BABA  180427P00162500
2689,BABA  180427P00165000
2690,BABA  180427P00167500
2691,BABA  180427P00170000
2692,BABA  180427P00172500
2693,BABA  180427P00175000
2694,BABA  180427P00177500
2695,BABA  180427P00180000
2696,BABA  180427P00182500
2697,BABA  180427P00185000
2698,BABA  180427P00187500
2699,BABA  180427P00190000
2700,BABA  180427P00192500
2701,BABA  180427P00195000
2702,BABA  180427P00197500
2703,BABA  180427P00200000
2704,BABA  180427P00202500
2705,BABA  180427P00205000
2706,BABA  180427P00207500
2707,BABA  180427P00210000
2708,BABA  180427P00212500
2709,BABA  180427P00215000
2710,BABA  180427P00217500
2711,BABA  180427P00220000
2712,BABA  180427P00222500
2713,BABA  180427C00145000
2714,BABA  180427C00150000
2715,BABA  180427C00225000
2716,BABA  180427C00230000
2717,BABA  180427C00235000
2718,BABA  180427C00240000
2719,BABA  180427P00145000
2720,BABA  180427P00150000
2721,BABA  180427P00225000
2722,BABA  180427P00230000
2723,BABA  180427P00235000
2724,BABA  180427P00240000
2725,BABA  181019C00280000
2726,BABA  181019P00280000
